time,remaining_s,stage,test_name,status,voltage,torque_L,rpm_L,power_L,torque_R,rpm_R,power_R,total_power,total_rpm
2.700020559132099e-06,,sprint,,,0.110712,-0.7865709250689618,278.29537622150724,-2.246459396936679,-0.6703708923736817,273.9069749057472,-1.8843992991486087,,
0.020469299983233213,,sprint,,,0.110712,-0.780825470006222,276.9229576346763,-2.2190527509749285,-0.6586710326993649,272.61004488424925,-1.8427444515579419,,
0.04080479999538511,,sprint,,,0.110712,-0.7726923312997597,275.5808594231179,-2.185296377863304,-0.6446618030461003,271.34697814119124,-1.7951949654184571,,
0.06129570002667606,,sprint,,,0.110712,-0.7620674218467459,274.25158923448,-2.144851567654693,-0.6281669432708469,270.10132133714404,-1.7412313617115505,,
0.08164990006480366,,sprint,,,0.110712,-0.749115273877274,272.955222322671,-2.098431290823399,-0.6094436820398461,268.8918940259538,-1.6817676067382183,,
0.10225460003130138,,sprint,,,0.110712,-0.7335912468841742,271.6685413128302,-2.045258401314586,-0.588147974755668,267.697082626202,-1.615790081216844,,
0.12340969999786466,,sprint,,,0.110712,-0.715155917998238,270.37570449343156,-1.9843720189385847,-0.5638711907656686,266.5025118701926,-1.5421829829799867,,
0.14394249999895692,,sprint,,,0.110712,-0.6948737573937971,269.1493805093378,-1.9193491674149479,-0.5380106321596815,265.37529603128684,-1.4652308147394393,,
0.16450640000402927,,sprint,,,0.110712,-0.6722363635392288,267.9505074660677,-1.848550326945724,-0.5098859602156581,264.279271045854,-1.3829002262323078,,
0.18541899998672307,,sprint,,,0.110712,-0.6468707958817191,266.762637197457,-1.7709130586985458,-0.4790522822543118,263.1995696177919,-1.29396575252389,,
0.20676319999620318,,sprint,,,0.110712,-0.6185880880754117,265.58394025758975,-1.6860018866223743,-0.4453147563378654,262.13489211252227,-1.1979718492575384,,
0.22713780007325113,,sprint,,,0.110712,-0.5893829562250652,264.49174452963524,-1.5997951932291217,-0.4110308466585911,261.15482909586257,-1.101608225904189,,
0.24748150003142655,,sprint,,,0.110712,-0.5581182428111429,263.43425370133366,-1.5088746299407214,-0.37482824067195736,260.2124141417585,-1.000956052730462,,
0.26769710006192327,,sprint,,,0.110712,-0.525018231385712,262.4170829944521,-1.413908098194213,-0.3369612582339719,259.3125739247478,-0.8967228590612968,,
0.28824800008442253,,sprint,,,0.110712,-0.4893521098379212,261.41852754230734,-1.3128421839328124,-0.29660051433371887,258.4362132176335,-0.7866471296064724,,
0.3085178000619635,,sprint,,,0.110712,-0.45223889663042605,260.46954763713626,-1.2088698950641044,-0.2550139275562573,257.6105315624185,-0.6741898462194671,,
0.3288092000875622,,sprint,,,0.110712,-0.41322129531720997,259.5561258974084,-1.100699252961495,-0.21168161400048857,256.8231904403438,-0.5579201780860525,,
0.3489306999836117,,sprint,,,0.110712,-0.3727533449842422,258.6873806899082,-0.9895813150424226,-0.16710378144216392,256.0819653452219,-0.43915715778038283,,
0.3691564000910148,,sprint,,,0.110712,-0.3303557319081628,257.8520189564151,-0.8741925004618151,-0.12075073701569165,255.37718216701765,-0.31646564784917114,,
0.39019499998539686,,sprint,,,0.110712,-0.2845010152400152,257.0242590717826,-0.7504342204953625,-0.07097574764936862,254.68766378305676,-0.18551224426169596,,
0.41064230003394186,,sprint,,,0.110712,-0.23830052610727975,256.2608004278207,-0.6267031435818615,-0.0211615279179786,254.06078608808141,-0.0551746202679048,,
0.4309634000528604,,sprint,,,0.110712,-0.1908616328281216,255.54280207567894,-0.5005379161111632,0.029671327434148645,253.48057828929078,0.07718561326357633,,
0.45223550009541214,,sprint,,,0.110712,-0.1396609861566243,254.83542491125064,-0.36524947260140356,0.08420773727491061,252.91949798453666,0.21856922002911724,,
0.47269710002001375,,sprint,,,0.110712,-0.08901376390729519,254.1984308385631,-0.2322120349654054,0.13784827653441212,252.42505725687866,0.3570988879615714,,
0.49326470005325973,,sprint,,,0.110712,-0.036804906330814714,253.60159008770418,-0.09578828169426959,0.19284833766597212,251.9731971798847,0.4986834322489391,,
0.514135800069198,,sprint,,,0.110712,0.01741456176604021,253.04108373562605,0.04522288685608247,0.24967226061939746,251.56139505400378,0.6445683573942228,,
0.53436629998032,,sprint,,,0.110712,0.0710727600049697,252.5416989793644,0.1842005711523855,0.3056315282298363,251.20753618242838,0.7879261435517977,,
0.5549360000295565,,sprint,,,0.110712,0.12665126196577972,252.07876246728085,0.3276426827195976,0.36332019277879896,250.89381963664917,0.9354793235196488,,
0.57568930007983,,sprint,,,0.110712,0.18367805281994598,251.65789570498154,0.4743757952117473,0.42223802067715693,250.62465777545748,1.08601500974095,,
0.5962453000247478,,sprint,,,0.110712,0.24100252940182204,251.28723345604217,0.6215079944415997,0.48119652304190236,250.40523555922576,1.2365753338069945,,
0.6164904000470415,,sprint,,,0.110712,0.29818722757651017,250.96743289858688,0.7679997862744948,0.5397554661560219,250.2352101410767,1.386117865992108,,
0.6369449000339955,,sprint,,,0.110712,0.3566015363676923,250.69022964621035,0.9174350156453017,0.5993190226735328,250.11002419138276,1.5383099691017283,,
0.6578796000685543,,sprint,,,0.110712,0.4169428545101704,250.45460178620846,1.0716679552849535,0.6605854725552721,250.03053585712328,1.695027559771508,,
0.6782996000256389,,sprint,,,0.110712,0.476246482755538,250.27182550092311,1.2232027149755353,0.7205453249223657,250.0004668116265,1.8486590363685835,,
0.6989847000222653,,sprint,,,0.110712,0.5366684825752657,250.1342375095275,1.3776342296273425,0.7813830852966216,250.01783003666125,2.004885989564738,,
0.7194459000602365,,sprint,,,0.110712,0.5966785361266445,250.04536363307784,1.531136520870944,0.841557142203586,250.08234410115585,2.159838783035349,,
0.7398887000745162,,sprint,,,0.110712,0.6567737130292719,250.0035618138237,1.6850649759465124,0.9015703199717118,250.1937548824101,2.3148921639601716,,
0.7601991000119597,,sprint,,,0.110712,0.7165195708060454,250.0085840538853,1.8383900940258684,0.960991477998719,250.35082420118133,2.4690123118975373,,
0.7807322000153363,,sprint,,,0.110712,0.7768563577130841,250.06082194151156,1.9936139887226756,1.0207541420396382,250.55644444430652,2.624710581215462,,
0.8014579000882804,,sprint,,,0.110712,0.8375957047667212,250.16158941703344,2.1503530181370945,1.08066422683006,250.81156088004622,2.78158938210229,,
0.8219234000425786,,sprint,,,0.110712,0.8973029636771972,250.30834034181927,2.304990376393855,1.1393079152966752,251.11009435358062,2.9360265568784594,,
0.8425002000294626,,sprint,,,0.110712,0.9569751558170878,250.50311946451077,2.4601891295633473,1.1976671749754828,251.45674050123722,3.0906805721365,,
0.8631674000062048,,sprint,,,0.110712,1.016437370994104,250.74621937683602,2.61559026063555,1.2555671944203735,251.8514590009751,3.2451824950422794,,
0.8840910000726581,,sprint,,,0.110712,1.0760486188290994,251.04053795921547,2.77223757046042,1.313351101594053,252.29818616313005,3.4005539131080247,,
0.9044482000172138,,sprint,,,0.110712,1.1333816161129742,251.37317361392223,2.9238142996457612,1.3686718609194066,252.7779165191082,3.5505298001514287,,
0.9259635000489652,,sprint,,,0.110712,1.1931569075693,251.77399856827913,3.082926215465178,1.4260729563459422,253.33277543861482,3.7075568492235735,,
0.9464851000811905,,sprint,,,0.110712,1.2492886402194952,252.2031140042929,3.2334632491662583,1.4797070720320125,253.9073000161645,3.8557212631088835,,
0.9671317000174895,,sprint,,,0.110712,1.3047958706114517,252.68056317669325,3.383522769609413,1.5324761046920645,254.52942054259717,4.00300740898635,,
0.9880528000649065,,sprint,,,0.110712,1.3599523261499928,253.2106214535462,3.533949156951943,1.5846323206357615,255.20425652821416,4.150219981589766,,
1.0084978000959381,,sprint,,,0.110712,1.4127076657559623,253.77316541261763,3.6791940335344475,1.634240993563344,255.9063958049954,4.29192312144246,,
1.028682000003755,,sprint,,,0.110712,1.4635872310609936,254.37116700670214,3.820684600946901,1.681811297983393,256.6402412032359,4.429520480817428,,
1.04903740005102,,sprint,,,0.110712,1.5136059262177672,255.0165896928184,3.9612836990305604,1.7282940100557307,257.42055207253804,4.565785828763295,,
1.069163899985142,,sprint,,,0.110712,1.5617029118852748,255.69597437832115,4.098047654973269,1.772704524606965,258.23110333673685,4.697854887597071,,
1.0900199000025168,,sprint,,,0.110712,1.610037431123963,256.4425981897375,4.237218257453347,1.8170254911605603,259.1112135689466,4.83172181706299,,
1.110659800004214,,sprint,,,0.110712,1.6562790377757837,257.22345228652244,4.372187334079917,1.8591081708801815,260.02159986812455,4.960994886476013,,
1.131253800005652,,sprint,,,0.110712,1.700759065956947,258.04341210558385,4.503915814600474,1.8992603788740015,260.9681278630839,5.086589284787234,,
1.1516333000035957,,sprint,,,0.110712,1.7430732436370044,258.894267378539,4.631191764024301,1.9371235901402408,261.9414895723214,5.207344577271041,,
1.1718490000348538,,sprint,,,0.110712,1.783303166809937,259.77623836235716,4.754220257977985,1.9727804268796514,262.9421699907824,5.323456219833688,,
1.1922498000785708,,sprint,,,0.110712,1.822072724545315,260.70377233097616,4.874922502684975,2.006783303113847,263.9865483953045,5.436720044936127,,
1.212491000071168,,sprint,,,0.110712,1.8586604231230297,261.6603881426066,4.991059260929216,2.0384987399557426,265.05605348826316,5.545016826010658,,
1.2327663000905886,,sprint,,,0.110712,1.8933734174675318,262.6540547855026,5.1035817858441215,2.0681966523146604,266.1596629816866,5.649223570028042,,
1.25347180000972,,sprint,,,0.110712,1.9267654238191463,263.70447312248876,5.214360275036869,2.0963364063455843,267.31901292110166,5.751028490937057,,
1.2741834000917152,,sprint,,,0.110712,1.9580282523532115,264.7902057645335,5.320783213786582,2.1222225069907217,268.5102193344142,5.847987411545001,,
1.2946424999972805,,sprint,,,0.110712,1.9867580903497637,265.89609108011575,5.421402312796956,2.145529316231496,269.7167701389554,5.938778082612498,,
1.315181600046344,,sprint,,,0.110712,2.0133992469124276,267.038557705348,5.517706164454336,2.166623833884526,270.9566725408561,6.0247365429646695,,
1.3355518000898883,,sprint,,,0.110712,2.037599902906347,268.2025538347106,5.608368144227794,2.185231140941667,272.2136325249211,6.104666531469992,,
1.3561132000759244,,sprint,,,0.110712,2.0597433750266907,269.40756707573,5.694788485907233,2.2016449486737004,273.5086838763669,6.1797811675942675,,
1.3763370000524446,,sprint,,,0.110712,2.0792481682279167,270.62122471421503,5.774612895485319,2.2154413787422405,274.80709910714745,6.248027096242033,,
1.3970164000056684,,sprint,,,0.110712,2.0968248353901195,271.89010662362085,5.850732611567682,2.2271165759480365,276.1586603469223,6.311844794553573,,
1.4171563000418246,,sprint,,,0.110712,2.1116150229462716,273.15193123853595,5.9193458079055885,2.2361055876580704,277.4970630955517,6.368034265499987,,
1.4376872000284493,,sprint,,,0.110712,2.124301686063693,274.46344417398865,5.983501391547584,2.242834171645853,278.88255783918856,6.419086248883141,,
1.458018000004813,,sprint,,,0.110712,2.1344659748496717,275.7860939448277,6.041103740141683,2.247063906838286,280.2743414839362,6.463287259948372,,
1.478668300085701,,sprint,,,0.110712,2.1423286541679243,277.15253080102207,6.093399308873608,2.248873947459423,281.7067233012963,6.501551680582941,,
1.4987980000441894,,sprint,,,0.110712,2.147592878877523,278.5055990938106,6.138193564997805,2.2482239411201377,283.11986789109716,6.532277244816424,,
1.5190193000016734,,sprint,,,0.110712,2.1504869005931133,279.88461316913,6.176899262995267,2.2451720346613726,284.5549988792952,6.556476926693675,,
1.539214999997057,,sprint,,,0.110712,2.150977273099687,281.28025409875966,6.2091158228224295,2.2397296376193014,286.002393640104,6.573852546048194,,
1.560510899988003,,sprint,,,0.110712,2.148895456090725,282.7706670658365,6.235974599903093,2.2314073756495008,287.54269086609827,6.5846984430490885,,
1.5808608999941498,,sprint,,,0.110712,2.1444171134646313,284.2112095609721,6.254680945763914,2.220992127482081,289.026349254608,6.587780950872422,,
1.6011821000138298,,sprint,,,0.110712,2.1375249467419133,285.66442895133537,6.266456812352374,2.2082064263884322,290.5181478996881,6.583663568527059,,
1.6214524999959394,,sprint,,,0.110712,2.1282520521652186,287.1273039733196,6.271223048450221,2.1930994266007695,292.01501361567404,6.572312359562139,,
1.642619700054638,,sprint,,,0.110712,2.1160293133511914,288.66755331462133,6.2686546508845415,2.174842547254554,293.58593380085534,6.552661873050261,,
1.6629767999984324,,sprint,,,0.110712,2.101846944915552,290.1596578099596,6.258825046927167,2.154922849949847,295.1028589242105,6.526191854288866,,
1.6834305000957102,,sprint,,,0.110712,2.085224257290677,291.66808350868837,6.241606281846774,2.1326103788451665,296.6315813517237,6.492076057651428,,
1.7035113000310957,,sprint,,,0.110712,2.0666174401743778,293.1566470600376,6.217481899427586,2.1084995975570173,298.13552689303367,6.451221408669248,,
1.723589500063099,,sprint,,,0.110712,2.045778314488267,294.65115832158665,6.186163826230227,2.0822476665827057,299.64090167860445,6.403068869951304,,
1.7438454000512138,,sprint,,,0.110712,2.0225222973486603,296.16392753546944,6.147240049692555,2.0536308895996043,301.1600453640375,6.347086772389144,,
1.7639045000541955,,sprint,,,0.110712,1.9973213750525542,297.66547219549085,6.101422579233862,2.0232292386395843,302.6633572714912,6.284339390284899,,
1.784496600041166,,sprint,,,0.110712,1.969247498053064,299.20903632881783,6.046857044294233,1.9899371736774654,304.2040293130203,6.212394419565357,,
1.8048505000770092,,sprint,,,0.110712,1.9393495272448902,300.73549944420967,5.985431686837465,1.9550098771458482,305.7229510183538,6.133829396621743,,
1.8250837000086904,,sprint,,,0.110712,1.9075620474029367,302.25220255687907,5.9170173287085275,1.918358010198102,307.22755050137505,6.048455806523947,,
1.8454876000760123,,sprint,,,0.110712,1.8734674721326718,303.77976442661856,5.840629958489065,1.879501817930552,308.73826423043874,5.955084138561434,,
1.865764999995008,,sprint,,,0.110712,1.8376190312148477,305.2942075956553,5.757430949537389,1.8390731970538714,310.23136395904095,5.8551686777001155,,
1.8860755000496283,,sprint,,,0.110712,1.7998045250025572,306.8062099269294,5.666882120383453,1.7968299884892043,311.71740985255656,5.7480791516182626,,
1.9065497000701725,,sprint,,,0.110712,1.7598157356138096,308.32397968972464,5.56838421071978,1.7525451579950184,313.2044014306732,5.633155858435563,,
1.926741600036621,,sprint,,,0.110712,1.718603304988952,309.81323415953335,5.464246738176909,1.7072683078973239,314.65879190333635,5.5131060056519,,
1.9470373000949621,,sprint,,,0.110712,1.6754728885313739,311.3010580561798,5.352697433869444,1.6602320359290768,316.10709365537775,5.385893050781195,,
1.96727510006167,,sprint,,,0.110712,1.6308365389648156,312.77409800313546,5.234749538246518,1.6118867981851892,317.5362926152126,5.252700053445073,,
1.9876316000008956,,sprint,,,0.110712,1.58436548353339,314.24396179321764,5.109483576880985,1.5618779357355552,318.95762994261406,5.112517163721265,,
2.0078722999896854,,sprint,,,0.110712,1.5366639756806975,315.692555675819,4.978493503540883,1.5108558789298663,320.3536066452434,4.967150858600206,,
2.0279307999880984,,sprint,,,0.110712,1.4880205585413677,317.11346429592805,4.842596761303599,1.459122590586531,321.71814737440667,4.817503448377631,,
2.0480474000796676,,sprint,,,0.110712,1.4379236048038584,318.5231148234811,4.700363669211346,1.4061312163592639,323.0670731693339,4.662010428133003,,
2.0689629000844434,,sprint,,,0.110712,1.3845402040215824,319.970798474214,4.546431059299561,1.34996114079579,324.4472366235138,4.494900065182369,,
2.0893345000222325,,sprint,,,0.110712,1.3313606734589254,321.36190823838155,4.390811728277834,1.2942901487412706,325.76834846902557,4.327082997276502,,
2.1103395000100136,,sprint,,,0.110712,1.2753915755512701,322.7755341764711,4.2247289057194415,1.2359864363337338,327.10548407223297,4.149122180721044,,
2.130711100064218,,sprint,,,0.110712,1.2201118290849888,324.124793682582,4.0585096661710125,1.178674032206742,328.37646198575345,3.9721023319699915,,
2.1511825000634417,,sprint,,,0.110712,1.1636551444251788,325.45803520122894,3.886637044872203,1.1204075043016593,329.62703589172395,3.7901249510898225,,
2.171333600068465,,sprint,,,0.110712,1.1072928997139342,326.74693105328936,3.7130322893241527,1.0624947809494503,330.83072142907963,3.607342106441489,,
2.192468599998392,,sprint,,,0.110712,1.0474328101212038,328.0725253603857,3.5265555489125733,1.001257400349186,332.0629351270939,3.4120928053319264,,
2.2126496999990195,,sprint,,,0.110712,0.9896612773735265,329.31197289112794,3.344635478967388,0.9424108707732303,333.20947291375194,3.2226439107044644,,
2.233339500031434,,sprint,,,0.110712,0.9299107610205785,330.5547663844797,3.154564349139586,0.8818036355236895,334.3533083971806,3.025744158731491,,
2.2534550999989733,,sprint,,,0.110712,0.8714074202786881,331.7348901318349,2.9666553697729943,0.8227069202808057,335.4337102557824,2.8320867365110933,,
2.2740648000035435,,sprint,,,0.110712,0.811147190425798,332.9140043250495,2.7713184076604502,0.7620847308581451,336.50716362684034,2.631796274724149,,
2.294513300061226,,sprint,,,0.110712,0.7511380635102507,334.05281521186936,2.5750733243206168,0.7019631326691567,337.53774619974985,2.4315955689802493,,
2.315031300066039,,sprint,,,0.110712,0.6908054778979313,335.1633037411309,2.3761121173538253,0.6417648286839025,338.53634291533905,2.229645941409375,,
2.335598200093955,,sprint,,,0.110712,0.6303113050075144,336.24301691184655,2.175019043901744,0.5816534709112747,339.5006911794648,2.02656099913013,,
2.356405800092034,,sprint,,,0.110712,0.5691958138885652,337.3002601134974,1.9703032204900621,0.521177495957591,340.43806522788145,1.8208679941997827,,
2.37689810001757,,sprint,,,0.110712,0.5091941024168545,338.3059586455813,1.7678593335535426,0.46205248412476996,341.3227252771833,1.618494424761792,,
2.3973862000275403,,sprint,,,0.110712,0.4494899499449054,339.27532035758765,1.5650454302203702,0.4034683288621164,342.16821787205475,1.4167845459812665,,
2.418515400029719,,sprint,,,0.110712,0.38832503950529346,340.23612687355774,1.355908910165562,0.34371142497541596,342.9984223192661,1.2098757844106236,,
2.4391673000063747,,sprint,,,0.110712,0.3290439736754326,341.13620084950554,1.1519574649832987,0.2860524247546708,343.7681593371352,1.0091738209010344,,
2.4597109000897035,,sprint,,,0.110712,0.27066973643425757,341.9923489976264,0.9499719542067775,0.2295300599096439,344.4921548308151,0.8114721136165888,,
2.480217000003904,,sprint,,,0.110712,0.21309245166829172,342.807173088155,0.7496743650435435,0.17403518671816084,345.17270051002214,0.6164930678236024,,
2.502006300026551,,sprint,,,0.110712,0.15277181963036768,343.6286220763195,0.5387499907824268,0.11617963099621795,345.8490137823441,0.4123549649231836,,
2.5225228000199422,,sprint,,,0.110712,0.09689035763469248,344.3594912172671,0.3424106862841132,0.06285259787856233,346.4410567054597,0.22346385229661228,,
2.544065300025977,,sprint,,,0.110712,0.03927110317555169,345.0816911474948,0.13907520626443848,0.008154484765237521,347.0153676318971,0.029040221688069648,,
2.5650479000760242,,sprint,,,0.110712,-0.015706276429851597,345.7398696502865,-0.05572850522111001,-0.043747593632904286,347.52756019365216,-0.1560264094488098,,
2.5857545000035316,,sprint,,,0.110712,-0.06876186014444603,346.34499738293187,-0.24440564325694422,-0.09355084746286632,347.9868807010785,-0.3340913957163271,,
2.6066056999843568,,sprint,,,0.110712,-0.12088782406083567,346.9091478662785,-0.43038091678974794,-0.14218940039505756,348.4026121018302,-0.5083973977126474,,
2.6274943000171334,,sprint,,,0.110712,-0.17171181171007144,347.4283212680238,-0.6122377185700271,-0.1893118899251207,348.77163017249774,-0.677600528495214,,
2.648216300061904,,sprint,,,0.110712,-0.22066108121453762,347.897337039621,-0.7878282323547449,-0.2343901456173863,349.09038923686256,-0.8397150460816621,,
2.668692799983546,,sprint,,,0.110712,-0.2675103789436602,348.31534721720516,-0.9562422770905631,-0.2772260924722628,349.35878950699583,-0.9939406928478061,,
2.6888441999908537,,sprint,,,0.110712,-0.3120660826451616,348.6822297118144,-1.116686015655118,-0.31765589741871214,349.5774741419328,-1.1396068638782306,,
2.7093080000486225,,sprint,,,0.110712,-0.3556627796925161,349.0092832005507,-1.2738846099942787,-0.35689085389233643,349.7531953657624,-1.2810078849191604,,
2.7296643999870867,,sprint,,,0.110712,-0.3973102347693544,349.28881214568355,-1.4241939009738682,-0.3940347247273825,349.88148863359027,-1.4148492062198976,,
2.75009260000661,,sprint,,,0.110712,-0.4373064215440715,349.52311733815424,-1.5686153244366643,-0.42935421096953913,349.96347857216625,-1.5420311436308352,,
2.7701834000181407,,sprint,,,0.110712,-0.47482602999152923,349.7082152916979,-1.7040998862554233,-0.46212763452711486,349.9983650592398,-1.6599027664820734,,
2.7909583000000566,,sprint,,,0.110712,-0.5116613462607875,349.85214195888517,-1.8370536511986233,-0.4939106953702518,349.9866876846945,-1.7740042253580461,,
2.8118886000011116,,sprint,,,0.110712,-0.5466900601150504,349.9481875410764,-1.9633585583122626,-0.5237097849147003,349.92584035271744,-1.8807081050128627,,
2.833090800093487,,sprint,,,0.110712,-0.5799833527994765,349.99529066632834,-2.083206983052239,-0.5515715927985002,349.8140315228588,-1.980130486115267,,
2.8535024999873713,,sprint,,,0.110712,-0.609895682648909,349.9928656932045,-2.1906320859974326,-0.5761368313463283,349.6587890416199,-2.067401288330557,,
2.874554999987595,,sprint,,,0.110712,-0.6384929904182063,349.9412749955916,-2.2930102563995463,-0.5991076994339591,349.4499196521035,-2.148545422631389,,
2.8950581999961287,,sprint,,,0.110712,-0.6640987287252672,349.84316200407636,-2.384299085471158,-0.6191339187102399,349.19909676474634,-2.2187705993722124,,
2.9155399000737816,,sprint,,,0.110712,-0.687420828890611,349.6980879812859,-2.467008458705785,-0.6367936199324358,348.9020843425057,-2.280116099807095,,
2.9359418000094593,,sprint,,,0.110712,-0.7083716353147761,349.50693877685796,-2.5408068915545896,-0.652025123616131,348.5603283143096,-2.3323674926125326,,
2.9560723000904545,,sprint,,,0.110712,-0.7267771808767947,349.27290513230474,-2.605078851348167,-0.6647199937759504,348.1785694374189,-2.3751742272121654,,
2.9764492000686005,,sprint,,,0.110712,-0.7430866799974251,348.9902412664892,-2.661383458600154,-0.6751894935271567,347.7473797231063,-2.4095960114579325,,
2.997046000091359,,sprint,,,0.110712,-0.757169038359616,348.65803750846214,-2.7092383951040793,-0.6833187466321754,347.2662363728982,-2.435233388300624,,
3.0186335000908002,,sprint,,,0.110712,-0.7693115656798826,348.2600020415817,-2.749543237393098,-0.6891780246497443,346.7135195368305,-2.452205664014161,,
3.0402298000408337,,sprint,,,0.110712,-0.7787556366284079,347.8111928847175,-2.779709751661418,-0.6923033733802534,346.1115944255229,-2.4590496042954233,,
3.060597800067626,,sprint,,,0.110712,-0.7851696395320512,347.34188981945545,-2.7988224881494417,-0.6927379379400292,345.499502419188,-2.4562416562041753,,
3.080767000094056,,sprint,,,0.110712,-0.7891247955836036,346.83365716370304,-2.808805189290024,-0.6907635499405349,344.85157882733193,-2.444647945395656,,
3.1008262999821454,,sprint,,,0.110712,-0.7906875002174434,346.2856831060162,-2.809920956068273,-0.6864297559280799,344.16647458801094,-2.4244842004205016,,
3.121176699991338,,sprint,,,0.110712,-0.7898542003213783,345.68696929508866,-2.80210648191755,-0.6796252419952199,343.43060729106674,-2.3953180776055687,,
3.1415201000636443,,sprint,,,0.110712,-0.7865873102116938,345.0458370571721,-2.7853413175649497,-0.6704089551597892,342.6544529560349,-2.357495544256902,,
3.1618455999996513,,sprint,,,0.110712,-0.7808991207618129,344.3634500190436,-2.7597305275376036,-0.6588075126880958,341.839400314978,-2.3111884292493348,,
3.182103700004518,,sprint,,,0.110712,-0.7728271230380691,343.64224069541257,-2.7254837151167,-0.6448812471056353,340.9882892212637,-2.2567003988996324,,
3.2028961000032723,,sprint,,,0.110712,-0.7620629629011713,342.8601686584648,-2.6814060384021126,-0.6281602843997001,340.0754483520916,-2.1923023405169375,,
3.222936899983324,,sprint,,,0.110712,-0.7493267907642365,342.0668380831862,-2.6304916476115023,-0.6097411476594599,339.1586276422808,-2.122281883542157,,
3.243391100084409,,sprint,,,0.110712,-0.7339612729538221,341.218035832836,-2.5701579719316507,-0.5886450270028594,338.1865110400144,-2.0429815957401622,,
3.2641156000318006,,sprint,,,0.110712,-0.7159782655572583,340.31837378229244,-2.500575258916919,-0.5649363100517218,337.1648049129719,-1.9547733833576817,,
3.284339400008321,,sprint,,,0.110712,-0.6961176732910124,339.40289113321313,-2.424671406870553,-0.5395764706525602,336.1331654185971,-1.8613115063800387,,
3.304868399980478,,sprint,,,0.110712,-0.6736563306175065,338.43657529939867,-2.3397549822950614,-0.5116314471801374,335.0520248646618,-1.7592362726459598,,
3.32605620007962,,sprint,,,0.110712,-0.6480810255488308,337.40101909961356,-2.2440389466465,-0.48050982013843263,333.90132238501127,-1.6465506717475542,,
3.34715650009457,,sprint,,,0.110712,-0.6202399783139861,336.33214497745723,-2.1408331768760784,-0.4472694970254845,332.7212846879661,-1.527230395590156,,
3.367658600094728,,sprint,,,0.110712,-0.5909713077634418,335.2587721679122,-2.033298965928459,-0.41288295285233106,331.54337023167614,-1.4048242442210612,,
3.3877451000735164,,sprint,,,0.110712,-0.5602224986327838,334.17477603349823,-1.9212722299113365,-0.3772506428122257,330.36035467317254,-1.279006070690139,,
3.408853300032206,,sprint,,,0.110712,-0.525753438896479,333.0022319990502,-1.7967347199301538,-0.3377977957009362,329.08748737401214,-1.1408351002147274,,
3.42892119998578,,sprint,,,0.110712,-0.4909897329655638,331.8567711410543,-1.672159835716979,-0.2984447123731739,327.8502842838696,-1.004139721287262,,
3.4495037000160664,,sprint,,,0.110712,-0.45337617222233,330.65199639679093,-1.5384540674716558,-0.2562826587382487,326.555188971022,-0.8588760719569506,,
3.469853400019929,,sprint,,,0.110712,-0.4142976353829356,329.4320599492652,-1.400660915591286,-0.2128721248567962,325.24978750881576,-0.7105432374111188,,
3.4905732000479475,,sprint,,,0.110712,-0.37264835439793215,328.1618324510043,-1.2549949247999816,-0.16698857095017366,323.89654895665814,-0.5550700089203953,,
3.510937700048089,,sprint,,,0.110712,-0.3299513206784201,326.8868821393939,-1.106883866872493,-0.12031018818514583,322.54402526367613,-0.3982411205827274,,
3.5312656000023708,,sprint,,,0.110712,-0.2856603593992694,325.58920201476906,-0.9544972143084361,-0.07222996085155046,321.17295194373713,-0.2380734889421234,,
3.551576800062321,,sprint,,,0.110712,-0.23981044862537043,324.26879598082894,-0.7980460534254541,-0.022784580089402876,319.7833118914598,-0.07477415584993505,,
3.5725222000619397,,sprint,,,0.110712,-0.19093885253471563,322.88354176887657,-0.632695740123879,0.029588827700863497,318.33102093104793,0.09666325485762255,,
3.5935280000558123,,sprint,,,0.110712,-0.14039377602940212,321.47169466465914,-0.4631751899467496,0.08342946438944664,316.8564606958742,0.2712918305146033,,
3.614026300027035,,sprint,,,0.110712,-0.0896716536593018,320.07334583438933,-0.2945502408171085,0.13715335437683976,315.4013280891999,0.4439403755058516,,
3.6344516000244766,,sprint,,,0.110712,-0.03784126034402035,318.66106376575135,-0.12375116265505838,0.19175934702233444,313.936856295016,0.6178080187339304,,
3.65547370002605,,sprint,,,0.110712,0.016746154685472685,317.1894273165662,0.05451154546867476,0.24897349138553612,312.4161424332461,0.7982543039610631,,
3.6763245000038296,,sprint,,,0.110712,0.0720544027531186,315.7127223160612,0.2334572145230397,0.3066528087141134,310.8954420455311,0.9783989896283882,,
3.6966231000842527,,sprint,,,0.110712,0.12691533788852033,314.2602998393047,0.40931562598617593,0.36359365480040035,309.40471443140444,1.1545105770532078,,
3.7168898000381887,,sprint,,,0.110712,0.18259371602899557,312.7971454856668,0.5861426210099152,0.42112023386194036,307.9078100157787,1.3307041376775006,,
3.7370265000499785,,sprint,,,0.110712,0.23872810844855707,311.3315716232954,0.762748591980699,0.4788622261156681,306.413175180379,1.5058187792870803,,
3.7572543000569567,,sprint,,,0.110712,0.2958363637713039,309.8489750232302,0.9407111969234392,0.53735302240655,304.9059038601714,1.6814355420970402,,
3.7777217000257224,,sprint,,,0.110712,0.35426636581591747,308.3394700672159,1.1210209722750293,0.5969427455298794,303.376061990889,1.8585261751599358,,
3.7981270999880508,,sprint,,,0.110712,0.41305214630764814,306.82696950496984,1.3006280244927122,0.6566430073772762,301.84794580823456,2.034099729845172,,
3.818356000003405,,sprint,,,0.110712,0.47177375045553654,305.3211371619862,1.4782413212189527,0.716031724930819,300.3312354035914,2.206924424209485,,
3.839023100095801,,sprint,,,0.110712,0.5321203553390292,303.77757549267903,1.6589002694418582,0.7768124535074729,298.7813039773273,2.381904206365767,,
3.8597901000175625,,sprint,,,0.110712,0.593013955379232,302.2228808739468,1.8392761885702138,0.8378896082054516,297.22504506522864,2.555800197866107,,
3.880360700073652,,sprint,,,0.110712,0.6534779642361567,300.6808337897493,2.0164682439424038,0.8982854305097407,295.68622915884333,2.725838669808528,,
3.9007541000610217,,sprint,,,0.110712,0.7134682786653086,299.1513450313739,2.190384322267804,0.9579626410648562,294.16463774206704,2.8919696455195507,,
3.921061300090514,,sprint,,,0.110712,0.7731484343031552,297.62917569174215,2.3615278732396527,1.0170886554872927,292.6549684246466,3.0547059123923246,,
3.942043300019577,,sprint,,,0.110712,0.8346500293455694,296.0587213635572,2.5359282738373037,1.077764621390413,291.10227716535684,3.219765331100219,,
3.96233500004746,,sprint,,,0.110712,0.8938695126667614,294.54366679703026,2.7019574636772377,1.1359423612548625,289.60907056319667,3.3761610013907846,,
3.982815600000322,,sprint,,,0.110712,0.9532843432630193,293.01959577410184,2.8666443712468412,1.1940649123335156,288.1116867585006,3.530559260073313,,
4.003318800008856,,sprint,,,0.110712,1.0123052474726815,291.5004911285092,3.0283458544239092,1.251551956871237,286.62393702359464,3.681425654073404,,
4.024405500036664,,sprint,,,0.110712,1.072423511629288,289.94649458294856,3.191088751075269,1.3098447380649787,285.1069995796403,3.83250202613222,,
4.044859100016765,,sprint,,,0.110712,1.1300716641508817,288.4487354050398,3.3452556922063352,1.365485032918142,283.6498132398923,3.974881078188834,,
4.065730000031181,,sprint,,,0.110712,1.188119795995433,286.9316532013822,3.498592705013993,1.4212470890784832,282.1787870150793,4.115746751946105,,
4.085777300060727,,sprint,,,0.110712,1.2430410465789805,285.4865731105975,3.6418818384879166,1.4737507094509024,280.782328594767,4.246669785747805,,
4.106398900039494,,sprint,,,0.110712,1.2985923946714664,284.0137425883487,3.785008886765209,1.5265923455912394,279.3639519430235,4.376713714086069,,
4.127264000009745,,sprint,,,0.110712,1.353732468839962,282.5390250194625,3.9252378799731598,1.578765257867986,277.94886146767715,4.503365059186851,,
4.1476878999965265,,sprint,,,0.110712,1.406569247227345,281.11209139373955,4.057843913974391,1.6284832248628887,276.58464701394684,4.622384327533724,,
4.1677535000490025,,sprint,,,0.110712,1.4572999462873037,279.72742109630553,4.183489506755811,1.6759482057810384,275.26573490814593,4.734427171604477,,
4.188198300078511,,sprint,,,0.110712,1.5077014375299487,278.3354985507915,4.306640714028114,1.722822251910517,273.94496887571125,4.843490976247306,,
4.209425700013526,,sprint,,,0.110712,1.5585664475131438,276.91188885292314,4.42916254111955,1.76981749937777,272.59960649040084,4.951176440887202,,
4.229728000005707,,sprint,,,0.110712,1.605734507928681,275.5722181534071,4.541129284547613,1.813093198626979,271.33886297207897,5.0487843761149716,,
4.250563999987207,,sprint,,,0.110712,1.6525551844913255,274.22091171149043,4.650624070379893,1.8557315834831736,270.0726384454308,5.143401653719177,,
4.270986400078982,,sprint,,,0.110712,1.6968115600827107,272.9207527103724,4.7525300147258065,1.895710894347848,268.859811620374,5.230614213197165,,
4.291365900076926,,sprint,,,0.110712,1.7392839113244196,271.6486762638775,4.848783201660942,1.9337471829469466,267.67868132548875,5.312123604985566,,
4.311763799982145,,sprint,,,0.110712,1.7800290694284133,270.40209359416906,4.939600640395329,1.9698920217329061,266.5268328429282,5.388129851822418,,
4.3321342000272125,,sprint,,,0.110712,1.818896318745326,269.1847532665599,5.024734223578661,2.0040119572913944,265.4077258483756,5.458440277425593,,
4.352239400031976,,sprint,,,0.110712,1.8554027564552666,268.01151611591797,5.103244152948763,2.035691114230237,264.3348966989189,5.522313729192531,,
4.373116200091317,,sprint,,,0.110712,1.8913024341527793,266.8239290563064,5.1789348791862615,2.066436803931737,263.25511954773265,5.582820281323018,,
4.393575499998406,,sprint,,,0.110712,1.9244346963940615,265.6917122189323,5.247299820049873,2.094387609035887,262.2319467657775,5.636342199446469,,
4.414015099988319,,sprint,,,0.110712,1.9554541793366313,264.5928659267475,5.309828178950161,2.12011023774638,261.2452912940067,5.684098670955137,,
4.434520300012082,,sprint,,,0.110712,1.984432720875829,263.52390725704146,5.366746654256021,2.143662661904129,260.2920479767761,5.72627284798264,,
4.454813100048341,,sprint,,,0.110712,2.010950679663508,262.5000505656876,5.417332652329693,2.1647093286558885,259.38571126002483,5.762359254205986,,
4.475775700062513,,sprint,,,0.110712,2.0360431959768226,261.4788422921514,5.463591676244364,2.1840531453769105,258.4889360430128,5.793751376127272,,
4.496657800045796,,sprint,,,0.110712,2.0586701216516725,260.49941576973976,5.503617067157508,2.2008658161030845,257.63640430650116,5.819095544277309,,
4.517238800064661,,sprint,,,0.110712,2.0786186033327834,259.5720376385946,5.537164295597413,2.2150081686456295,256.8368386096301,5.838312556598306,,
4.538223800016567,,sprint,,,0.110712,2.0965191023292586,258.6661410763392,5.565357940402717,2.226921448783724,256.0639446116671,5.852049935838369,,
4.558386099990457,,sprint,,,0.110712,2.11136875470186,257.83429737150846,5.586753003177315,2.2359643646366902,255.36232331085134,5.859713633178735,,
4.579265900072642,,sprint,,,0.110712,2.124294007074148,257.0134983269917,5.6030597097612524,2.2428304930812013,254.67876423907973,5.861973888813081,,
4.599542399984784,,sprint,,,0.110712,2.1344360389833184,256.2567652581427,5.613234406326971,2.2470538255095436,254.05749855221185,5.858685522339058,,
4.619839700055309,,sprint,,,0.110712,2.142192771542501,255.53985255752815,5.617872559365248,2.248862051380432,253.4782157161893,5.850030778389455,,
4.640620300080627,,sprint,,,0.110712,2.147639141265828,254.84850195914603,5.616918070762375,2.248202815088934,252.9297631555961,5.835661846346202,,
4.661206500022672,,sprint,,,0.110712,2.1505355687956165,254.20686605667927,5.610332492488937,2.2450460792438607,252.43152824296922,5.815988638856878,,
4.681968600023538,,sprint,,,0.110712,2.1509325224261913,253.60400390971472,5.598060475379067,2.2393441115540353,251.97499898540053,5.790725533343636,,
4.702707300079055,,sprint,,,0.110712,2.1487978071288714,253.0467248010103,5.580215439269615,2.2311335844501263,251.5654686292447,5.760116857886017,,
4.7234613000182435,,sprint,,,0.110712,2.144132541009227,252.53451903889209,5.5568295072580804,2.220414690238566,251.20255517366968,5.724174152132194,,
4.743757700081915,,sprint,,,0.110712,2.137130571865538,252.07807290907894,5.52867194207396,2.207528137660432,250.89336476815922,5.6839482800842775,,
4.764088800060563,,sprint,,,0.110712,2.127710566731396,251.6653968790928,5.495291690195838,2.1922592277720203,250.6292896517134,5.638692658744874,,
4.784360900055617,,sprint,,,0.110712,2.1159346738708895,251.29865694531247,5.456914090234885,2.174705910065379,250.41168494599347,5.5886874074792585,,
4.80443560006097,,sprint,,,0.110712,2.101947959268281,250.97986225725015,5.413966070417818,2.1550613708132307,250.24138185585213,5.534437222421959,,
4.824911300092936,,sprint,,,0.110712,2.0853220960069034,250.70050270513406,5.365164514764849,2.132739275522181,250.11416073283578,5.474327071095782,,
4.845329300034791,,sprint,,,0.110712,2.06639631186452,250.46822444340054,5.3115460220804245,2.108217316543633,250.0341489513831,5.409652862591808,,
4.86636940005701,,sprint,,,0.110712,2.0444757685584127,250.2774693725873,5.251198270227682,2.0806278227660386,250.0007288899493,5.338145047968372,,
4.886684300028719,,sprint,,,0.110712,2.0210188148028783,250.14028657589958,5.188104239546174,2.0518010068377506,250.01571515832626,5.264501334349614,,
4.9073055000044405,,sprint,,,0.110712,1.994945819810039,250.04838389890196,5.119291397722193,2.020390617032004,250.07838980021165,5.185208221309903,,
4.927994200028479,,sprint,,,0.110712,1.9665393388780477,250.0042007394606,5.045504968994694,1.9867527911102458,250.18926728997832,5.101139505199506,,
4.948649000027217,,sprint,,,0.110712,1.9359833366642227,250.00811716364097,4.967185945423184,1.951106701120997,250.34780935502772,5.012789982885777,,
4.970046400092542,,sprint,,,0.110712,1.9020689312096966,250.06277641983812,4.88123811998589,1.9120680404363886,250.56231014847415,4.916700800534341,,
4.990664800046943,,sprint,,,0.110712,1.8672727411101946,250.1641107550294,4.793883279476885,1.8724863840048611,250.81718078633557,4.819818053166067,,
5.011125900084153,,sprint,,,0.110712,1.830746275293609,250.31179301035564,4.7028828881776565,1.831366609173735,251.11661045834825,4.719602536776957,,
5.0316993000451475,,sprint,,,0.110712,1.7920770795150998,250.50747201835964,4.607146934170515,1.7882430578864947,251.46410454943373,4.614846303457835,,
5.051744000054896,,sprint,,,0.110712,1.7525881013123998,250.7434698091993,4.509871668341651,1.7445794235894572,251.84715069944343,4.50902331919478,,
5.071830500033684,,sprint,,,0.110712,1.7112935748348472,251.0245894496781,4.408547037364073,1.699272737055024,252.27460471355644,4.399378395237656,,
5.092486000037752,,sprint,,,0.110712,1.667091017635785,251.36006061337574,4.300414104627311,1.6511289672440175,252.75938527470595,4.282949767576609,,
5.113214600016363,,sprint,,,0.110712,1.6210410361527086,251.7436390628976,4.1880051639387945,1.6013192336803068,253.2914442695274,4.1624893377983305,,
5.133612600038759,,sprint,,,0.110712,1.5741436885528073,252.16666612003698,4.073678423682626,1.5509190733689167,253.85913278817839,4.040514064204446,,
5.154236300033517,,sprint,,,0.110712,1.525218464896478,252.63987553910087,3.9544732923199084,1.4986573701536203,254.47698628953876,3.9138624658859813,,
5.174684400088154,,sprint,,,0.110712,1.4752901571190893,253.15378620996154,3.8328035994562932,1.4456298955508313,255.13257075280205,3.785103153305859,,
5.195150600047782,,sprint,,,0.110712,1.4239838579692097,253.71232140909322,3.707672100021059,1.3914350677886087,255.83105223773313,3.653178518842887,,
5.215662400005385,,sprint,,,0.110712,1.3713150539636287,254.31583729335645,3.579030040153722,1.3360905970496482,256.57281528716516,3.518043789257698,,
5.236457400023937,,sprint,,,0.110712,1.3167309660795221,254.97183720827485,3.4454341669399104,1.2790224461169986,257.3667920592958,3.3782000900439266,,
5.256911900010891,,sprint,,,0.110712,1.2619691953065872,255.6598059053925,3.3110512455933274,1.2220461153940465,258.1882000088781,3.23801367310415,,
5.277982800034806,,sprint,,,0.110712,1.2045378192327696,256.41216312784564,3.169667861211515,1.162574448128621,259.075532065041,3.0910203615168355,,
5.2983092000940815,,sprint,,,0.110712,1.1482524189499816,257.17920395795824,3.030595055832799,1.104556082349676,259.97025908244206,2.9469049763145776,,
5.318688400089741,,sprint,,,0.110712,1.0910440642816075,257.9882069526429,2.888662733879153,1.0458450657233174,260.90467709676767,2.8002958059563547,,
5.339287500013597,,sprint,,,0.110712,1.0325254430582573,258.8458332198882,2.7428157468048258,0.9860490554425098,261.88630230781746,2.650122801582895,,
5.359500600025058,,sprint,,,0.110712,0.9745180933736404,259.725617295623,2.59752291573143,0.9270262832006954,262.8849450605056,2.5009928880058365,,
5.380446100025438,,sprint,,,0.110712,0.9139075586853359,260.67627007639254,2.4448851413310777,0.865614201694848,263.95569046575804,2.344823164664302,,
5.400616700062528,,sprint,,,0.110712,0.8551518478545722,261.62841219196235,2.2960579113971953,0.8063289591373929,265.0204200190061,2.1930386679296148,,
5.421620000037365,,sprint,,,0.110712,0.7936682947240533,262.65719962229645,2.1393558788058997,0.7445476506300621,266.1631447538644,2.0337385009404354,,
5.441992100095376,,sprint,,,0.110712,0.7338307755304878,263.6906584075532,1.985845054177578,0.6846690562838582,267.30381102552525,1.878194414312015,,
5.462684800033458,,sprint,,,0.110712,0.6729748652510559,264.7748278557729,1.828648492089472,0.6240212275222737,268.4933949259081,1.7194425249573386,,
5.482901900075376,,sprint,,,0.110712,0.6135248760004587,265.866939474303,1.6739836282247145,0.5650173393198562,269.68504750429656,1.5637716568763242,,
5.503473000018857,,sprint,,,0.110712,0.5531433606311386,267.01042702006924,1.515725715823928,0.5053353325512453,270.9262184220343,1.4050293408314862,,
5.523827900062315,,sprint,,,0.110712,0.49360855003913506,268.17279964559486,1.358476385097624,0.4467353289289831,272.18157723625995,1.2478538376022021,,
5.545238999999128,,sprint,,,0.110712,0.4313207253751378,269.4274733806815,1.1926057502729517,0.38568957890101685,273.53002719444885,1.0826737494167016,,
5.565622100024484,,sprint,,,0.110712,0.37244525201599243,270.65123908167783,1.034492045404802,0.3282410238672413,274.83913768160494,0.9258190858422856,,
5.5872910000616685,,sprint,,,0.110712,0.31041680400276744,271.9822829384655,0.8664440658419564,0.26798836343514537,276.25661690815207,0.7597720610159011,,
5.6074204000178725,,sprint,,,0.110712,0.25341809891931266,273.24526887293194,0.710632349066313,0.2128752888495607,277.5958510654603,0.6064470877077074,,
5.628043600008823,,sprint,,,0.110712,0.1957372189378231,274.5645353233532,0.5515343263270583,0.15735893295650907,278.9891232594492,0.45054001352302553,,
5.648793800035492,,sprint,,,0.110712,0.1385341320418671,275.91647683698096,0.3922736330002957,0.10256752639306732,280.4112525670279,0.295161706678668,,
5.669320199987851,,sprint,,,0.110712,0.08286491448334796,277.27681662111735,0.23579736059022008,0.04951074014626448,281.8367404878677,0.14320286931155182,,
5.690623500035144,,sprint,,,0.110712,0.026154041535866503,278.7114061776455,0.07480803466354792,-0.004255063014082419,283.3343722014545,-0.012372570953650585,,
5.711773100076243,,sprint,,,0.110712,-0.028972190655267637,280.15709632655603,-0.08329859106169187,-0.056227254331039526,284.83797840580866,-0.16436126122287512,,
5.7320293000666425,,sprint,,,0.110712,-0.08058359017506458,281.5605309957854,-0.2328483053315596,-0.10460782229697373,286.29246981546544,-0.3073468596188822,,
5.752188300015405,,sprint,,,0.110712,-0.13070485041961616,282.97401670560964,-0.379570941912177,-0.15131539193108168,287.752426656309,-0.4468448896956248,,
5.77344300004188,,sprint,,,0.110712,-0.18212526689155514,284.4813065556162,-0.5317146530089305,-0.198927896779484,289.30398574918473,-0.590615447343684,,
5.793959900038317,,sprint,,,0.110712,-0.2302836687381722,285.95123127331476,-0.6757869552753922,-0.24321399996392312,290.8119931755537,-0.7258645337385808,,
5.815170800080523,,sprint,,,0.110712,-0.27845812097758654,287.4848215494408,-0.8215414910547464,-0.2871892071741169,292.3801135942146,-0.8617288615907184,,
5.835754800005816,,sprint,,,0.110712,-0.3235589933864117,288.98519050545013,-0.959585676034627,-0.32803163345470576,293.9092545264047,-0.9894268268522263,,
5.856649900088087,,sprint,,,0.110712,-0.3676025977019066,290.5189992170297,-1.0959930616965878,-0.36757501271111054,295.46746967802284,-1.1145776947134243,,
5.876897300011478,,sprint,,,0.110712,-0.4085360914310211,292.0141278842469,-1.2243032059225722,-0.40398475429164327,296.98161083803825,-1.2312584614895514,,
5.897266200045124,,sprint,,,0.110712,-0.44791363439065535,293.5256764430883,-1.3492582235596764,-0.43865708936422226,298.5076632248215,-1.3438021481469151,,
5.9178848000010476,,sprint,,,0.110712,-0.485867067181033,295.061892367331,-1.4712459488262364,-0.47169795964646655,300.05382446047423,-1.4525057422229015,,
5.938528900034726,,sprint,,,0.110712,-0.5218819983968555,296.6047818311814,-1.5885656183380246,-0.5026515876523096,301.6018882460304,-1.5558073128848484,,
5.958632500027306,,sprint,,,0.110712,-0.5549837996468867,298.11035255017197,-1.697899802325572,-0.5306959674656783,303.10789289670004,-1.6508124166662994,,
5.979849199997261,,sprint,,,0.110712,-0.58775404300822,299.70120517080113,-1.8077518232576306,-0.5579996344859532,304.6942748549925,-1.7448291256533834,,
6.000982300029136,,sprint,,,0.110712,-0.6181247730355038,301.28602058804927,-1.911216228321226,-0.5828036432892091,306.2696105762755,-1.8318118241350851,,
6.021697000018321,,sprint,,,0.110712,-0.6456445686901637,302.838266744169,-2.0065914044736854,-0.6047583467079647,307.8077045273514,-1.9103636722394475,,
6.042238000081852,,sprint,,,0.110712,-0.6706853714673353,304.3746864193213,-2.0949905036707572,-0.6241845122933328,309.32535465043907,-1.9814503825008016,,
6.063521400094032,,sprint,,,0.110712,-0.6942273636416219,305.9623256511811,-2.1798387815501177,-0.6418173734017196,310.888587858158,-2.0477217477854612,,
6.08394230005797,,sprint,,,0.110712,-0.7144757566378851,307.479963267966,-2.2545455352735773,-0.6563183971986537,312.37808810894074,-2.104019857235152,,
6.104892899980769,,sprint,,,0.110712,-0.7328310862926343,309.0296296716158,-2.3241208065666545,-0.6687087449499661,313.8941122727977,-2.1541446667378543,,
6.125345900072716,,sprint,,,0.110712,-0.7483580610005237,310.5339071226376,-2.3849164126132094,-0.6783551374334147,315.3609121121583,-2.1954304079053006,,
6.14587400003802,,sprint,,,0.110712,-0.7615386070141292,312.0337317359935,-2.4386426440326985,-0.6855867362007421,316.8185536324475,-2.2290905333547557,,
6.166484400047921,,sprint,,,0.110712,-0.7723275929675918,313.5280921572456,-2.4850361142688313,-0.6903657473760118,318.2659980763916,-2.254883831763081,,
6.187148800003342,,sprint,,,0.110712,-0.7806671925325501,315.01334434101125,-2.5237688380089405,-0.6926527042014986,319.69966709309193,-2.2725445819189356,,
6.207636500010267,,sprint,,,0.110712,-0.7864727573141668,316.47172572979605,-2.554308170737685,-0.6924406167888694,321.10245929841807,-2.2818172555263336,,
6.227693699998781,,sprint,,,0.110712,-0.789771164015209,317.884297634294,-2.5764697171803443,-0.6898418395561471,322.45637792692816,-2.282838541614763,,
6.248335300013423,,sprint,,,0.110712,-0.7906964086892079,319.3212412215473,-2.591148293104411,-0.6847011717012652,323.8286336701168,-2.275469465844141,,
6.2684780000709,,sprint,,,0.110712,-0.7891830920463775,320.70544494321297,-2.597399778734832,-0.6772825048407884,325.1455551305932,-2.2599684297558444,,
6.2890744000906125,,sprint,,,0.110712,-0.7851698813782433,322.1014886794404,-2.5954403833368285,-0.6672537239534961,326.4685998760534,-2.235564047352001,,
6.309305500006303,,sprint,,,0.110712,-0.7788078886828658,323.45209811621874,-2.5852051248042374,-0.6550165399130263,327.7434546304312,-2.203134378271336,,
6.330183300073259,,sprint,,,0.110712,-0.7697382771438406,324.82330375288757,-2.5659308977216986,-0.6399282348479253,329.0323371883656,-2.160849642087441,,
6.350983300013468,,sprint,,,0.110712,-0.7581891174564214,326.1651677071377,-2.5378726157020375,-0.622438310507739,330.2880817191567,-2.109812745374618,,
6.372010000050068,,sprint,,,0.110712,-0.7439843308783736,327.49576332309357,-2.5004845108364577,-0.6022946202537441,331.52754089070163,-2.0491950114355695,,
6.392821400077082,,sprint,,,0.110712,-0.7274451483156746,328.78583270978976,-2.454528284506758,-0.5799536341675291,332.7234558704004,-1.9803018176605167,,
6.413069800008088,,sprint,,,0.110712,-0.7090127348870336,330.0140920062486,-2.401271213986317,-0.5559587847140159,333.85642419308635,-1.9048335340429963,,
6.433130200020969,,sprint,,,0.110712,-0.6885053508578262,331.20361879557595,-2.3402221565508423,-0.5300299374170854,334.9480518296215,-1.8219336208928176,,
6.453485600068234,,sprint,,,0.110712,-0.6654444361367412,332.3817747632905,-2.2698841605204634,-0.501567501711812,336.02340256831263,-1.7296315879704953,,
6.474507600069046,,sprint,,,0.110712,-0.639289945835697,333.56674513974065,-2.188443381487796,-0.4699499142241,337.0986454980434,-1.625785612121885,,
6.494744300027378,,sprint,,,0.110712,-0.6119062163680606,334.67606349888905,-2.101668480530015,-0.43742588443889696,338.099004651809,-1.5177598655260187,,
6.5151209000032395,,sprint,,,0.110712,-0.5821969010473402,335.76067818692144,-2.006108492827732,-0.4026679129080586,339.070729330568,-1.4011738315110662,,
6.535662900074385,,sprint,,,0.110712,-0.5501238890159174,336.82030965582135,-1.9015750432332927,-0.3656424379941541,340.013421929311,-1.2758727171475164,,
6.556257900083438,,sprint,,,0.110712,-0.5158834818761284,337.847586660343,-1.7886572904427223,-0.32658352564330084,340.92041471571844,-1.1426204035502057,,
6.576689000008628,,sprint,,,0.110712,-0.47991248651589846,338.83095198902123,-1.6687828172160108,-0.2859858775614604,341.78156186499007,-1.0031085017457007,,
6.597728400025517,,sprint,,,0.110712,-0.4408446139257824,339.80554191531127,-1.5373427012361365,-0.24232100297414463,342.6273912870592,-0.8520553960431403,,
6.617949100094847,,sprint,,,0.110712,-0.40142715399648354,340.70482423348045,-1.4035882474249208,-0.19865343917128578,343.40027849209207,-0.7000860514642641,,
6.638774299994111,,sprint,,,0.110712,-0.358982907976713,341.5918620149142,-1.258450044899126,-0.1520114173270164,344.15454907943194,-0.5368888892526159,,
6.658896000008099,,sprint,,,0.110712,-0.31625867288011567,342.4103945243091,-1.1113326606124398,-0.10541084384548789,344.8424227078944,-0.3730445257085703,,
6.679834900074638,,sprint,,,0.110712,-0.2700890226142388,343.2211206581535,-0.9513397250280785,-0.055401945669939404,345.51483668234783,-0.19644745723251156,,
6.700011100037955,,sprint,,,0.110712,-0.22402280472298244,343.9619962270359,-0.7907831096710685,-0.005829973244826509,346.12029574355313,-0.020708484700357046,,
6.720783700002357,,sprint,,,0.110712,-0.17505676801361572,344.6827208736053,-0.6192316021878591,0.04654075172334466,346.69953299758384,0.16559275972296764,,
6.74118490004912,,sprint,,,0.110712,-0.12553096116739235,345.3483238235779,-0.4449005066093423,0.0992024264800966,347.2242753275266,0.3534980878443636,,
6.7616055000107735,,sprint,,,0.110712,-0.07461224715004545,345.97206360251903,-0.2649145706979948,0.15304864402995427,347.7052548266537,0.5461292457599096,,
6.782761899987236,,sprint,,,0.110712,-0.020533547621396375,346.5727551408596,-0.07303198456631597,0.2099318589406192,348.15633484347893,0.7500795875665852,,
6.803223200025968,,sprint,,,0.110712,0.032960420467413556,347.10909301154953,0.11741225461210868,0.2659123293368061,348.5464614461132,0.9511605865726308,,
6.82329580001533,,sprint,,,0.110712,0.08649443996531216,347.59215049079467,0.30854097326786456,0.3216659540861073,348.8847626265693,1.1517064325187292,,
6.843773200060241,,sprint,,,0.110712,0.1420946932835807,348.04050085377554,0.5075307235532065,0.37930257585868493,349.1842272036405,1.3592367367447427,,
6.863850900088437,,sprint,,,0.110712,0.19748619651409896,348.4360917931016,0.7061786333961703,0.4364637833611924,349.4327912828665,1.5651881959373188,,
6.88490340008866,,sprint,,,0.110712,0.256395458705192,348.8036670252818,0.9177957967485756,0.4969840977262235,349.6452481190337,1.7833016712018308,,
6.90502629999537,,sprint,,,0.110712,0.31341096243124167,349.1095568279611,1.1228729361916578,0.5553031646436186,349.8020705664354,1.9934585876987145,,
6.925100599997677,,sprint,,,0.110712,0.37088126226166873,349.3701283293051,1.3297664008059158,0.6138414607033527,349.9133062678086,2.2043033981949347,,
6.9465095000341535,,sprint,,,0.110712,0.43271954842115873,349.598696165755,1.5524978704682937,0.6765609986595568,349.98206907420064,2.430006563567008,,
6.966869700001553,,sprint,,,0.110712,0.4919482738747228,349.76861105141717,1.765854706291818,0.7363795284008933,349.9996471328303,2.6449898307419866,,
6.988079500035383,,sprint,,,0.110712,0.5539814678879073,349.8962620388054,1.9892493887336424,0.7987687178106367,349.9683691452622,2.8688281627161776,,
7.008460900047794,,sprint,,,0.110712,0.6138068175437066,349.9713470846105,2.2045446062397462,0.8586870882389931,349.8906643390081,3.0833440056167722,,
7.028606200008653,,sprint,,,0.110712,0.6730480834769859,349.99966915397846,2.417510780438409,0.9177802559318771,349.76803837253345,3.294378732105573,,
7.048659300082363,,sprint,,,0.110712,0.732029664468583,349.98252152774916,2.6292369683922994,0.9763776480175417,349.6008433077988,3.503039173153355,,
7.069768400047906,,sprint,,,0.110712,0.794025203568667,349.91561635674657,2.8513616652391662,1.037714241237546,349.3763645995089,3.7207114611328556,,
7.091314600082114,,sprint,,,0.110712,0.8570949214791559,349.79572022325635,3.076791782727111,1.0998433480161833,349.0961907577622,3.940312224976484,,
7.111498899990693,,sprint,,,0.110712,0.9158811497034512,349.6362220757197,3.286322900764164,1.1575043483191805,348.7872096507199,4.143218864652751,,
7.1316313000861555,,sprint,,,0.110712,0.9741348988360196,349.4318067692419,3.493302783040039,1.2144023816456175,348.4344655252117,4.342485838325253,,
7.152012799982913,,sprint,,,0.110712,1.0326244489417933,349.1789438615085,3.7003699385918347,1.271284264119271,348.0323646177822,4.540639232314982,,
7.172392399981618,,sprint,,,0.110712,1.0905216942351659,348.8801570346129,3.9044986088435567,1.3273401263356617,347.58542983193104,4.734765566550013,,
7.1930477999849245,,sprint,,,0.110712,1.1485053420437483,348.5307267126346,4.107984393960783,1.383221994545711,347.0870830630283,4.927028010449775,,
7.213426300091669,,sprint,,,0.110712,1.2049279587959227,348.1403362072802,4.30496990543554,1.437342187043065,346.5511319229936,5.111898099210369,,
7.234054800006561,,sprint,,,0.110712,1.261159604765322,347.69931914617507,4.500166534205642,1.491015346877943,345.96427095287765,5.293806430515642,,
7.254370099981315,,sprint,,,0.110712,1.315566273012915,347.2204058705515,4.6878387549397456,1.5426830446573063,345.3433636272651,5.467420976448426,,
7.2746414000866935,,sprint,,,0.110712,1.3688145801187508,346.69878495915066,4.87025427016089,1.5929853904383147,344.6817813699815,5.6348818618479815,,
7.295877900091,,sprint,,,0.110712,1.4233831521364109,346.10602136825014,5.0557509210422,1.6442451210640516,343.944393250546,5.803760598973372,,
7.316383500001393,,sprint,,,0.110712,1.474799383959206,345.4892913924751,5.2290432259211235,1.6922559753516033,343.1901040595881,5.960126896197252,,
7.337103500030935,,sprint,,,0.110712,1.5253954983228024,344.82241090519545,5.397996989969478,1.7392068462909307,342.38643664038585,6.111143504263446,,
7.357596300076693,,sprint,,,0.110712,1.5740124550691652,344.12021703835813,5.5586975726729335,1.7840224527562802,341.5512619420408,6.25332360685372,,
7.377864300040528,,sprint,,,0.110712,1.6206163488749532,343.3847753594839,5.7110497762903805,1.8266816602200964,340.6866949903542,6.386644392139495,,
7.3981746000936255,,sprint,,,0.110712,1.665771600303559,342.6075061847575,5.856889371566617,1.8677052919520545,339.78252065649707,6.5127450397502935,,
7.418492500088178,,sprint,,,0.110712,1.7093136801650326,341.79042828075825,5.995651183167952,1.9069426831454293,338.8411211751592,6.631143761927913,,
7.438852700055577,,sprint,,,0.110712,1.751241771704977,340.932730270529,6.127304986075847,1.9443919086053172,337.8615925666022,6.7418226474958045,,
7.4591808000113815,,sprint,,,0.110712,1.7913335466084137,340.0382726709333,6.251136094908335,1.9798541152914937,336.848350105511,6.84419396223701,,
7.480418000021018,,sprint,,,0.110712,1.8312553313915445,339.0640661386472,6.37214077261759,2.014779427348888,335.75321546308095,6.942284092037813,,
7.500804700073786,,sprint,,,0.110712,1.8676264914680338,338.09157998832455,6.480060703535263,2.046208649918915,334.6678039851281,7.027786248408361,,
7.521605100017041,,sprint,,,0.110712,1.9026997132721526,337.06267858132554,6.581662586614404,2.0761015944414067,333.526988320143,7.106148478258516,,
7.541876300005242,,sprint,,,0.110712,1.9348474862280225,336.025174851748,6.672264390032398,2.1030747556062024,332.38372201856885,7.173798117149953,,
7.562192399986088,,sprint,,,0.110712,1.9649959821037886,334.95202772256033,6.754589671844413,2.127921408874544,331.2079628048184,7.232876457026475,,
7.582350700045936,,sprint,,,0.110712,1.9928151641610043,333.85509418018114,6.827783162766812,2.1503735593855664,330.01264646107603,7.282813488938109,,
7.603506900020875,,sprint,,,0.110712,2.019715615891659,332.67060960808084,6.895398197905516,2.1715372578491983,328.7286901617827,7.325876415895572,,
7.623891200055368,,sprint,,,0.110712,2.043368937433892,331.49811275474264,6.951564249241165,2.1895711369253577,327.4640972649552,7.358299229092899,,
7.644083600025624,,sprint,,,0.110712,2.064563477492603,330.30775323272377,6.998447385094281,2.2051205534771205,326.1862368980574,7.381636641275576,,
7.664757800055668,,sprint,,,0.110712,2.0839249939136244,329.0601888897126,7.037398106433132,2.21863009819406,324.8530007893241,7.396503667197167,,
7.685199200059287,,sprint,,,0.110712,2.1007103156899203,327.7991300758711,7.066895322612594,2.229567073191696,323.51120793589286,7.402263946374906,,
7.705557500012219,,sprint,,,0.110712,2.1150682541195014,326.5171721101122,7.087370017165125,2.2380487521935617,322.1528478376554,7.399224615226278,,
7.725936200004071,,sprint,,,0.110712,2.1270573272994593,325.20929109057295,7.098994395441071,2.244114489378559,320.77257104119565,7.387490383842071,,
7.747206400032155,,sprint,,,0.110712,2.137008432977365,323.8189744774277,7.101714723792247,2.247848715866292,319.3111076765763,7.366069278366031,,
7.767637300072238,,sprint,,,0.110712,2.1440842701903997,322.4607701225258,7.095343595271483,2.2489312463036812,317.8888883327664,7.3367922178754235,,
7.787964700022712,,sprint,,,0.110712,2.1486993343818765,321.0884347212093,7.080354555848621,2.247571335055285,316.4571196635244,7.299330853004411,,
7.808113500010222,,sprint,,,0.110712,2.1508786484499147,319.70894027155015,7.057085562762423,2.2438271027812386,315.02296815066506,7.254146169333646,,
7.8285186000866815,,sprint,,,0.110712,2.150652208943869,318.2934087219056,7.025100206087587,2.2376093594895186,313.55644071806887,7.2003679411576496,,
7.848971100058407,,sprint,,,0.110712,2.1479680443165146,316.8574625368339,6.984678966422615,2.2289383862883314,312.07383551731516,7.1385518106964,,
7.8691673000575975,,sprint,,,0.110712,2.1429076275323578,315.4238645600742,6.936696491037417,2.217993583164145,310.5985785742641,7.069919078201404,,
7.889978400082327,,sprint,,,0.110712,2.1351971467498045,313.93187918751977,6.879044103177341,2.204258734746411,309.0683001988228,6.991521986576089,,
7.910422799992375,,sprint,,,0.110712,2.1251615214202584,312.45204337941567,6.814437407553608,2.1883498494678753,307.555441598326,6.90708598619513,,
7.931138299987651,,sprint,,,0.110712,2.112543179571127,310.94252472209024,6.741249618532417,2.169846782624441,306.01719765103974,6.8144309613652245,,
7.951292200013995,,sprint,,,0.110712,2.0978991509130047,309.4627248695766,6.662659917311805,2.1495401882300733,304.5139937011006,6.717497569038663,,
7.972056700033136,,sprint,,,0.110712,2.0804053617613536,307.9292707452754,6.57436227016009,2.126291773520791,302.96115963393476,6.610959659113717,,
7.992570600006729,,sprint,,,0.110712,2.0607503922293713,306.40668774541444,6.480049523780864,2.1010391870660867,301.42416178799795,6.499304852147295,,
8.01272290002089,,sprint,,,0.110712,2.039179795077813,304.90504099397396,6.38079537666029,2.074064075308053,299.91294757297305,6.383694248223412,,
8.03306759998668,,sprint,,,0.110712,2.0151641222311762,303.3845215510764,6.274202561867213,2.0446959949406884,298.3873960082835,6.261291372966342,,
8.053435600013472,,sprint,,,0.110712,1.98890655236505,301.85906356672893,6.161313294246379,2.0131930444810737,296.8615614723782,6.133298226425071,,
8.074259800021537,,sprint,,,0.110712,1.9598157004625496,300.2976341485961,6.039789974968363,1.9788654996007544,295.30456957184015,5.997097890717086,,
8.094817000092007,,sprint,,,0.110712,1.9289221644475323,298.7559828642866,5.9140638402915755,1.9429366752850743,293.77207690698384,5.8576558654368105,,
8.115735500003211,,sprint,,,0.110712,1.8953204608703824,297.18852004160163,5.780552820535595,1.904356824142059,292.2187971082985,5.710986964576701,,
8.136400800081901,,sprint,,,0.110712,1.8600347735690637,295.6426116751563,5.643425383988984,1.8643055034519185,290.6917056510767,5.561659740736743,,
8.157864000066184,,sprint,,,0.110712,1.821254814966023,294.0415166842437,5.495839749034624,1.8207453284022832,289.11518922581837,5.402251599689293,,
8.178400799981318,,sprint,,,0.110712,1.7821787364542443,292.5152823726223,5.350008992083939,1.7772648228684365,287.61725312140885,5.245921324238806,,
8.198884100071155,,sprint,,,0.110712,1.741357358744772,291.00023107536964,5.2003902220115,1.73222362857412,286.1350528666787,5.0866249382708375,,
8.219187500071712,,sprint,,,0.110712,1.699133008526422,289.506727538512,5.0482485688362795,1.6859932527217858,284.6786470302372,4.92567120848204,,
8.24026109999977,,sprint,,,0.110712,1.6535318614461032,287.9669004011616,4.886634232996647,1.6364278077291436,283.18205969854165,4.755730991608559,,
8.260849200072698,,sprint,,,0.110712,1.6073088081110158,286.47407267077745,4.725408308898147,1.5865287341117429,281.73609520197675,4.587173079631864,,
8.281381800072268,,sprint,,,0.110712,1.5596499560623904,284.99828430541896,4.561672228546382,1.535404444979113,280.3115381627685,4.416909101769987,,
8.301596000092104,,sprint,,,0.110712,1.5112770593782616,283.55914745479333,4.397870587367336,1.4838206362533275,278.9271853745807,4.2474369893667205,,
8.322104200022295,,sprint,,,0.110712,1.4608148364265066,282.1145739303767,4.22936714185757,1.4303102210247345,277.5425424267602,4.0739387766875375,,
8.34248099999968,,sprint,,,0.110712,1.4093757855031173,280.6960291235976,4.059922731807644,1.3760563640207673,276.18782840518907,3.900277001849543,,
8.36317120003514,,sprint,,,0.110712,1.3559067627145425,279.27414289058174,3.88611141871609,1.3199521229356417,274.83506233631186,3.7229311952413253,,
8.384503000066616,,sprint,,,0.110712,1.2995688213890462,277.82903964959723,3.7053702886320075,1.2611371185375477,273.4656999670889,3.5393202729775606,,
8.405442800023593,,sprint,,,0.110712,1.2431690927384438,276.43253574346784,3.526744969689355,1.2025470484358673,272.1478916102485,3.358626764243659,,
8.426449400023557,,sprint,,,0.110712,1.185598316797666,275.05498364844277,3.346661487217833,1.1430229725396024,270.8535304026496,3.177197069730415,,
8.446969600045122,,sprint,,,0.110712,1.1284958545713977,273.73316710879715,3.170166584975452,1.0842516299349214,269.617010553502,3.0000746853165956,,
8.467634500004351,,sprint,,,0.110712,1.0702332738835119,272.42728538985585,2.992152647773818,1.024550384918864,268.4009605003205,2.8220979297485562,,
8.487784900004044,,sprint,,,0.110712,1.0127743651925,271.1793281573338,2.818538518298996,0.9659245697366402,267.2443302413639,2.6491491299228285,,
8.50801390002016,,sprint,,,0.110712,0.9545499990763399,269.9530311181627,2.6444878953230475,0.9067651503125737,266.11332875226026,2.4763734645547877,,
8.528161099995486,,sprint,,,0.110712,0.896113183457491,268.75914283445275,2.4716149166982553,0.8476339549884273,265.01786798802317,2.305357035905071,,
8.548222600016743,,sprint,,,0.110712,0.8375789500007739,267.5987427745352,2.3001942661194805,0.788644362608196,263.95886634971953,2.1363487524148206,,
8.568828699993901,,sprint,,,0.110712,0.7771901716035422,266.4373248712864,2.1250886807870653,0.7280338357943437,262.9050361747922,1.964287997733961,,
8.589225100004114,,sprint,,,0.110712,0.7172536683402223,265.3193045621637,1.9529733726359282,0.6681237044933845,261.89683175305424,1.7957332276970808,,
8.609419799991883,,sprint,,,0.110712,0.6578452733064336,264.24427642445096,1.7839556008517994,0.6089823904527474,260.93369442355737,1.6307582771736968,,
8.630326300044544,,sprint,,,0.110712,0.596394218359142,263.1661169892713,1.610712728945405,0.5480598405609133,259.97454810271876,1.4622226458777263,,
8.650575200095773,,sprint,,,0.110712,0.5370049201085747,262.1562356218007,1.4447514889004445,0.4894261382881084,259.0829465049117,1.3013097412078583,,
8.670761200017296,,sprint,,,0.110712,0.4780366171026638,261.1842722229723,1.2813355614153925,0.43144842985861204,258.23171352271464,1.143386772151646,,
8.690837200032547,,sprint,,,0.110712,0.4197152739131628,260.252897610282,1.1209985251211165,0.37434577970802213,257.4230963884958,0.9889518446941844,,
8.711302899988368,,sprint,,,0.110712,0.36069638483695704,259.34056048086205,0.9599904844715297,0.31680682046388753,256.638538308136,0.8343938407377018,,
8.732177300029434,,sprint,,,0.110712,0.30104895998299375,258.44946095831267,0.7984862750701768,0.2589135131391841,255.88039443087177,0.6799021629165746,,
8.752655300078914,,sprint,,,0.110712,0.24317653473878947,257.61487243701146,0.6429057217681635,0.20299894573182692,255.17868277682288,0.5316096641338294,,
8.772720700013451,,sprint,,,0.110712,0.18718139375104936,256.83589555376295,0.4933704012149152,0.14914675048281908,254.53213348065074,0.38959296589964315,,
8.793139600078575,,sprint,,,0.110712,0.13101436854948895,256.0833132255554,0.34431417447667617,0.09538506584794391,253.91645754126645,0.248556959661385,,
8.813503900077194,,sprint,,,0.110712,0.07590822959258096,255.37376518161244,0.19893895661550612,0.0428995929137367,253.3454760248527,0.11153752883118742,,
8.833766600000672,,sprint,,,0.110712,0.022071577846814173,254.709087675444,0.05769424772227661,-0.008114020205545823,252.82055144954438,-0.02105247463600391,,
8.853877200046554,,sprint,,,0.110712,-0.030295634516718597,254.09072374485646,-0.07899935706357153,-0.05747128990190832,252.34262667369896,-0.1488319794013931,,
8.87440610001795,,sprint,,,0.110712,-0.08255779898696469,253.50269118560013,-0.21478075954032047,-0.10645285082912097,251.89956958263505,-0.27519428811616803,,
8.894769700011238,,sprint,,,0.110712,-0.13313194123145844,252.9629086301551,-0.3456159721109273,-0.15356990657792763,251.50510595683545,-0.39637624587521897,,
8.915038300096057,,sprint,,,0.110712,-0.1821294527180332,252.46923429418518,-0.47189278704672083,-0.19893175929524354,251.1574183453738,-0.5127490062874893,,
8.935230900067836,,sprint,,,0.110712,-0.22953946285127677,252.02104259406295,-0.5936751334687436,-0.24253202726587,250.85588802965293,-0.6243787152275994,,
8.955347400042228,,sprint,,,0.110712,-0.2752957119406622,251.61831290478594,-0.7108801483833146,-0.2843131161224949,250.60032871415982,-0.7311950207600252,,
8.976400800049305,,sprint,,,0.110712,-0.3215219879349486,251.24403369871558,-0.8290125962604118,-0.32619429044437626,250.3810543199845,-0.838170772378664,,
8.996868600021116,,sprint,,,0.110712,-0.3647614915860328,250.92677046811787,-0.939313736986576,-0.36503519490485165,250.2153110433875,-0.9373533027970944,,
9.017302200081758,,sprint,,,0.110712,-0.4061826358523729,250.65617000353768,-1.0448512019153697,-0.4019010668717302,250.09664767515338,-1.031529667647813,,
9.038080500089563,,sprint,,,0.110712,-0.44644335169589305,250.4285286089968,-1.1473736066092421,-0.4373693018530175,250.02405094443301,-1.1222375046811284,,
9.058785400004126,,sprint,,,0.110712,-0.48462499340442067,250.24959948278897,-1.2446117389329738,-0.47062312719633487,250.0000000369156,-1.2074466967026871,,
9.079258500016294,,sprint,,,0.110712,-0.520415484999453,250.11985045866572,-1.3358357579160474,-0.5013996306851995,250.02363292137915,-1.286529546600685,,
9.09978080005385,,sprint,,,0.110712,-0.5542739343598752,250.03699118653952,-1.422274466893132,-0.5300991382985962,250.094622805897,-1.3605551361632429,,
9.120343000045978,,sprint,,,0.110712,-0.5861114568067091,250.00145362294268,-1.5037562251531849,-0.5566434283618061,250.21317503860612,-1.4293610839393973,,
9.141646400094032,,sprint,,,0.110712,-0.6168376576068726,250.01479734219134,-1.5826733389943346,-0.5817637315992841,250.38594726387916,-1.4948970584535595,,
9.16168760007713,,sprint,,,0.110712,-0.6435977237094815,250.07394828008472,-1.651724626858239,-0.6031453206381078,250.59475078619923,-1.5511315305842184,,
9.182698699994944,,sprint,,,0.110712,-0.6693638327201551,250.18438800152404,-1.7186092373716837,-0.6231748611998675,250.8615512006838,-1.604348537412511,,
9.203829200007021,,sprint,,,0.110712,-0.6928779938695294,250.34538072113443,-1.7801272328588702,-0.640826745559069,251.17914390415356,-1.6518815355771834,,
9.224022599984892,,sprint,,,0.110712,-0.7130561804224679,250.5458318218533,-1.8334354495603802,-0.6553266639610924,251.52845338638832,-1.691607698613803,,
9.244853000040166,,sprint,,,0.110712,-0.7314894467720134,250.80013433661716,-1.8827407534776233,-0.6678341986665548,251.93535978856846,-1.7266824489240127,,
9.265047500026412,,sprint,,,0.110712,-0.7470223862952895,251.0925461010931,-1.924961867755432,-0.6775652712855161,252.3746702359874,-1.7548968572216928,,
9.28556440002285,,sprint,,,0.110712,-0.7604191991428357,251.43557384426828,-1.9621603252845692,-0.6850202298509142,252.86573361695736,-1.7776574283172901,,
9.30574500001967,,sprint,,,0.110712,-0.7712306531132211,251.81785536890203,-1.9930835153786934,-0.6899501831846956,253.39230575872267,-1.7941793396616932,,
9.326556400046684,,sprint,,,0.110712,-0.7799030984136792,252.25829171349753,-2.019020784569845,-0.6925295942865846,253.98002070982292,-1.8050639179704313,,
9.347196700051427,,sprint,,,0.110712,-0.7860066043830845,252.74106221860046,-2.0387158308172957,-0.6925720197881666,254.60720511956566,-1.8096322407493393,,
9.36813100008294,,sprint,,,0.110712,-0.7896454023353454,253.27700018558596,-2.0524971298607495,-0.6900555599470687,255.28779334996185,-1.8078766788529572,,
9.38958509999793,,sprint,,,0.110712,-0.790701512143407,253.87402927821253,-2.0600868923242763,-0.6848069129957569,256.03100350287866,-1.7993489214469538,,
9.40988930000458,,sprint,,,0.110712,-0.7892071060181408,254.48306619175582,-2.0611261316818115,-0.6773590444769442,256.77633223817776,-1.7849605371639403,,
9.431197400088422,,sprint,,,0.110712,-0.7850334963685102,255.16760592116498,-2.055741108484883,-0.666962653177643,257.6016127786593,-1.7632130336666314,,
9.451573500060476,,sprint,,,0.110712,-0.7785539974728803,255.86501479915268,-2.0443457142150225,-0.6545670063445796,258.4312764390643,-1.7360166137966695,,
9.472449699998833,,sprint,,,0.110712,-0.7694027474278339,256.6223455351872,-2.026296044104022,-0.6393989763676129,259.32163081855674,-1.7016309435394532,,
9.49268080003094,,sprint,,,0.110712,-0.7581236080255651,257.39684471075026,-2.0026171603517335,-0.6223425651748195,260.22251570025253,-1.6619925410962517,,
9.513979500043206,,sprint,,,0.110712,-0.743706036683124,258.25457353173505,-1.9710789579557257,-0.6019103125675894,261.21048311440387,-1.6135301326834475,,
9.53442779998295,,sprint,,,0.110712,-0.7274328631371633,259.11815436606906,-1.9343962987087717,-0.5799373652692168,262.1962658457226,-1.5604946608537975,,
9.55451130005531,,sprint,,,0.110712,-0.7091575771581774,260.003819069211,-1.892244137536273,-0.5561444780491986,263.19914094361536,-1.5021966550231056,,
9.576066800043918,,sprint,,,0.110712,-0.6870519571579403,260.99467625265555,-1.8402461740609188,-0.5282166298475242,264.3125598244191,-1.4327966731376758,,
9.596223200089298,,sprint,,,0.110712,-0.6640798266137282,261.958190196481,-1.7852825599095086,-0.49990204558627854,265.38755206171015,-1.3615078700460521,,
9.616599900065921,,sprint,,,0.110712,-0.6386379461814365,262.96752948493133,-1.723500999366601,-0.4691692124332632,266.50639622748645,-1.2831925682550727,,
9.636941200005822,,sprint,,,0.110712,-0.61105517243023,264.0096569170836,-1.6555981447045502,-0.43642313445441516,267.65454513507893,-1.198773352601731,,
9.657633800059557,,sprint,,,0.110712,-0.5808036364444781,265.1041519114882,-1.5801581300374878,-0.4010495093661891,268.8534103431001,-1.1065428411097145,,
9.67811000009533,,sprint,,,0.110712,-0.5487419244236529,266.2203268377445,-1.4992154458520595,-0.36405721570219335,270.0693115682889,-1.0090195348001405,,
9.698814800009131,,sprint,,,0.110712,-0.5142297817424002,267.3812501273193,-1.4110515120191236,-0.32470791202626226,271.327373160088,-0.9041514329869377,,
9.719320200034417,,sprint,,,0.110712,-0.47802851224336984,268.5621153659873,-1.3175079479165654,-0.2838705421207915,272.60069952400005,-0.7941489879401152,,
9.739852600032464,,sprint,,,0.110712,-0.43983029552155567,269.7742421545788,-1.21770002551112,-0.24119267417459925,273.90157420892757,-0.6779744612751403,,
9.76004369999282,,sprint,,,0.110712,-0.4004239720252102,270.99423273690775,-1.1136143314303317,-0.19754670971001442,275.2050239074451,-0.5579314617794311,,
9.780880599981174,,sprint,,,0.110712,-0.3579099768887928,272.28115527694365,-1.000106115642637,-0.15083703113612476,276.5740264410793,-0.428128423605584,,
9.801604000036605,,sprint,,,0.110712,-0.31384148890189767,273.58786732017325,-0.8811744236785172,-0.10278399260960672,277.9582087334943,-0.29319710757828477,,
9.82199990004301,,sprint,,,0.110712,-0.26880172942079467,274.898836018556,-0.7583324723273799,-0.0540124362594272,279.341299963863,-0.15484015962155567,,
9.842505100066774,,sprint,,,0.110712,-0.22192392466428779,276.2406796885062,-0.6291387740933131,-0.0035785726552361825,280.75146997016753,-0.010310662506589054,,
9.863051600055769,,sprint,,,0.110712,-0.17343859719625423,277.6075186369399,-0.4941191323247083,0.04826612484725689,282.1824805963373,0.13977425061502563,,
9.883144600084051,,sprint,,,0.110712,-0.12462451581869474,278.9649033690323,-0.3567859515873047,0.10016354480323478,283.5984251282019,0.29151989197253286,,
9.903348500025459,,sprint,,,0.110712,-0.07423093046198177,280.34902429132853,-0.21356921283235877,0.153450807735887,285.0371845016986,0.44887497302830687,,
9.923495800001547,,sprint,,,0.110712,-0.022750483036483686,281.7473077369975,-0.06578169964759417,0.2076058361091012,286.4856682731232,0.6103755835758075,,
9.944127800059505,,sprint,,,0.110712,0.03114671808237071,283.1963667397708,0.09052210884278833,0.2640188097820858,287.98164587467693,0.7802870011210514,,
9.964611900039017,,sprint,,,0.110712,0.08575294814912138,284.6510338336185,0.250505069392424,0.32089548567119747,289.4783639869034,0.9533105751152674,,
9.985145700047724,,sprint,,,0.110712,0.1414905260212135,286.1236954308591,0.41546637466845926,0.3786777032780291,290.98860298504866,1.1308380358099632,,
